Business Name,Description,Category,Membership Level,Location Name,Address,City,State,Zip,Country,URL,Phone,Email
Hale's Ales Brewery,"Walk in to a real live brewery, lean across the rail, & shake hands with the brewer! Then into the pub for some delicious fare and fine ales. KEGS TO GO!",Restaurant,Premium,,4301 Leary Way NW,Seattle,WA,98107,USA,http://halesbrewery.com,206-555-1212,email@halesbrewery.com
Homegrown Sustainable Sandwich Shop,Homegrown Sustainable Sandwich Shop: Our goal at Homegrown is not only to create sandwiches out of sustainable ingredients but also to make sandwich creation sustainable itself.,Restaurant,Premium,,3416 Fremont Ave N,Seattle,WA,98103,USA,,206-555-1212; 206-666-2323,
Ballroom,"Ballroom is serving east coast style pizza by the slice or whole pie, salads &amp; appetizers. We have a great patio, free wifi, NFL ticket, pool tables & more! Pizza window serves until 2AM daily. Call or email to book your event!",Restaurant; Retail,Premium,Main Location,456 N 36th St,Seattle,WA,98103,USA,,,
Book Larder,"A community cookbook store; where you'll find a carefully chosen selection of new, vintage collectible, and imported cookbooks. We also host cooking classes, author signings, demos, &amp; other events with some of the food world�??s brightest minds.",Retail,Regular,Main Location,4252 Fremont Ave N,Seattle,WA,98103,USA,http://booklarder.com,,
Recycled Cycles,,Retail,Premium,,1109 N 35th St,Seattle,WA,98103,USA,http://recycledcycles.com ,,
Essenza,,Retail,Premium,,615 N 35th St,Seattle,WA,98103,USA,http://essenzaseattle.com ,,
General UI,"A mobile app developer located in the heart of Fremont. Look for our apps under the names: imikimi, Cinemek, FiLMiC and others.",Services,Premium,Office,"3417 Evanston Ave N, Ste. 501",Seattle,WA,98103,USA,http://generalui.com,,
Fremont Studios,"Production/broadcast studio that has 2 large spaces, one with a performance stage, for rent for corporate and private events. In-house lighting and A/V services.",Services,Premium,Office,155 N 35th St,Seattle,WA,98103,USA,http://fremontstudios.com ,,
Fremont Space Building,"Come be a part of it. Launch your own business, art studio or healing arts in the very heart of Fremont. Your personal office space awaits you. Rents below $400/mo.",Services,Premium,,"600 N 36th St, Ste. 1",Seattle,WA,98103,USA,http://seattlespace.com ,,
